Keyword,Avg. monthly searches,Three month change,YoY change,Competition,Competition (indexed value),Top of page bid (low range),Top of page bid (high range)
juvederm,50000,0%,0%,High,74,1.01,4.11
juvederm lip filler,50000,0%,900%,Low,6,1.56,5.65
juvederm dermal fillers,50000,0%,0%,High,74,1.01,4.11
marionette lines fillers,50000,0%,900%,Low,11,1.19,4.94
filler with hyaluronic acid,50000,0%,900%,Medium,41,1.41,5.42
fillers in nasolabial folds,50000,0%,900%,Low,15,1.65,6.26
juvederm lip augmentation,50000,0%,900%,Low,6,1.56,5.65
filler nasolabial,50000,0%,900%,Low,15,1.65,6.26
juvederm lip enhancement,50000,0%,900%,Low,6,1.56,5.65
juvederm near me,5000,0%,-90%,High,81,2.76,12.29
juvederm cost,5000,0%,0%,Medium,45,1.39,5.00
juvederm voluma,5000,0%,0%,High,100,1.41,5.10
juvederm fillers,5000,0%,900%,High,73,1.50,5.40
juvederm ultra xc,5000,0%,0%,High,100,1.39,5.36
juvederm ultra plus,5000,-90%,-90%,High,95,1.33,5.40
juvederm ultra,5000,0%,0%,High,99,1.37,5.84
juvederm lips,5000,0%,0%,High,88,1.48,5.04
juvederm volux,5000,0%,0%,High,100,1.41,5.10
juvederm lip filler cost,5000,0%,0%,Low,2,1.54,5.32
juvederm fillers near me,5000,0%,-90%,High,81,2.76,12.29
needleless lip filler,5000,0%,0%,High,98,1.23,6.10
juvederm voluma xc,5000,0%,0%,High,100,1.47,6.16
juvederm under eyes,5000,0%,900%,Medium,39,1.66,6.49
juvederm fillers cost,5000,0%,0%,Medium,45,1.39,5.00
juvederm for marionette lines,5000,0%,900%,Low,6,1.56,5.00
juvederm treatment,5000,900%,900%,Low,4,1.37,4.80
juvederm cheek filler,5000,0%,900%,Low,15,1.31,5.08
upper lip filler,5000,0%,0%,High,75,1.72,6.36
juvederm for cheeks,5000,0%,900%,Low,15,1.31,5.08
juvederm under eye filler,5000,0%,900%,Medium,39,1.66,6.49
juvederm for nasolabial folds,5000,0%,900%,Low,7,1.85,6.14
juvederm face fillers,5000,0%,900%,Low,1,1.44,5.44
juvederm chin filler,5000,0%,900%,Low,2,1.63,5.39
cost of juvederm lip injections,5000,0%,0%,Low,2,1.54,5.32
juvederm chin,5000,0%,900%,Low,2,1.63,5.39
injection filler,5000,0%,0%,Medium,62,1.84,6.13
juvederm vollux,5000,0%,0%,High,100,1.41,5.10
juvederm filler for marionette lines,5000,0%,900%,Low,6,1.56,5.00
cost for fillers,5000,0%,0%,Medium,41,1.15,4.63
jowl fillers,5000,0%,900%,Low,8,1.64,4.47
juvederm ultra and ultra plus,5000,-90%,-90%,High,95,1.33,5.40
juvederm ultra xc lip filler,5000,0%,9900%,Low,4,1.41,4.59
juvederm around eyes,5000,0%,900%,Medium,39,1.66,6.49
juvederm filler for nasolabial folds,5000,0%,900%,Low,7,1.85,6.14
juvederm nasolabial,5000,0%,900%,Low,7,1.85,6.14
juvederm in marionette lines,5000,0%,900%,Low,6,1.56,5.00
juvederm on chin,5000,0%,900%,Low,2,1.63,5.39
0.5 mil lip filler,5000,0%,0%,Medium,46,2.23,7.72
botox v juvederm,5000,-90%,-90%,Low,20,1.71,11.59
restylane v juvederm,5000,0%,0%,Medium,37,3.56,18.07
juvederm ultra 3,500,0%,0%,High,83,1.38,3.83
juvederm cost near me,500,0%,-90%,High,87,1.65,7.82
juvederm lip filler near me,500,0%,0%,High,68,3.00,13.38
juvederm ultra 4,500,-90%,-90%,High,100,1.62,5.49
juvederm ultra plus xc,500,0%,0%,High,100,1.23,5.68
juvederm volite,500,0%,0%,High,92,1.88,5.34
juvederm 75 off,500,0%,-90%,Low,16,0.98,5.28
teoxane filler,500,0%,0%,High,100,2.89,10.99
75 off juvederm,500,0%,-90%,Low,27,1.41,6.26
juvederm voluma cost,500,0%,0%,High,78,1.49,4.88
juvederm injections near me,500,0%,0%,Medium,50,2.79,10.81
juvederm ultra smile,500,0%,-90%,High,93,1.40,6.03
juvederm injections,500,0%,0%,Medium,67,1.64,6.60
juvederm xc,500,0%,0%,High,97,1.01,5.59
juvederm jawline,500,0%,0%,High,87,1.49,4.90
volux,500,0%,0%,Medium,57,1.59,6.18
juvederm voluma near me,500,-90%,-90%,High,73,2.75,11.59
juvederm voluma cost near me,500,0%,-90%,High,81,1.86,6.30
$75 off juvederm,500,0%,-90%,Low,26,1.82,7.73
groupon juvederm,500,0%,-90%,High,100,0.68,6.14
juvederm lip injections,500,0%,900%,Low,1,1.20,4.81
juvederm volux xc,500,0%,0%,High,85,1.57,4.64
juvederm voluma xc cost,500,0%,0%,Low,27,1.86,6.77
juvederm near me cost,500,0%,0%,Medium,38,2.03,5.00
juvederm treatment near me,500,0%,900%,Medium,45,2.69,15.23
allergan juvederm,500,0%,0%,Medium,54,0.97,9.81
laseraway lip filler,500,0%,0%,Medium,61,1.51,5.25
best juvederm for lips,500,-90%,-90%,High,96,1.45,5.36
juvederm offers,500,-90%,-90%,High,89,1.88,4.31
vobella,500,0%,0%,High,68,1.17,5.61
juvederm xc cost,500,0%,0%,Low,14,2.13,7.53
radiesse filler near me,500,0%,0%,High,71,2.00,8.37
juvederm lip injections near me,500,0%,0%,High,68,3.00,13.38
juvederm hyaluronic acid,500,-90%,-90%,High,100,1.34,3.86
juvederm eye filler,500,0%,0%,Medium,43,1.61,5.29
juvederm for wrinkles,500,0%,900%,Low,2,1.51,6.99
juvederm volux cost,500,0%,-90%,High,87,1.85,5.31
volite,500,0%,0%,Low,21,1.84,6.86
juvederm for smile lines,500,0%,900%,Low,8,1.69,5.77
juvederm ultra plus lips,500,0%,0%,Medium,63,1.74,6.55
best filler for frown lines between eyes,500,0%,0%,High,100,,
juvederm under eyes cost,500,0%,0%,Medium,39,1.93,6.89
juvederm forehead,500,-90%,-90%,Medium,50,1.61,4.88
juvederm ultra lip filler,500,-90%,900%,Low,8,1.80,4.61
juvederm voluma lips,500,0%,0%,High,82,1.40,5.67
juvéderm volux xc,500,0%,0%,High,85,1.57,4.64
juvederm for eye bags,500,0%,0%,Medium,35,1.27,4.30
filler dissolving near me,500,0%,0%,Medium,61,2.89,14.33
restylane juvederm,500,0%,0%,Medium,35,1.72,6.42
juvederm nose filler,500,0%,900%,Low,7,1.84,5.15
juvederm for frown lines,500,0%,900%,Low,4,1.28,5.00
botox and juvederm near me,500,-90%,-90%,Medium,53,3.65,15.00
juvederm and restylane,500,0%,0%,Medium,35,1.72,6.42
top rated lip fillers near me,500,0%,0%,Medium,50,2.47,9.92
juvederm ultra xc lips,500,0%,0%,Medium,59,1.53,7.48
juvederm for lip lines,500,0%,0%,Low,31,1.62,4.97
juvederm for under eye bags,500,0%,900%,Medium,42,1.43,6.68
juvederm for jowls,500,0%,900%,Low,12,1.43,4.48
juvederm for smokers lines,500,900%,900%,Low,28,1.63,5.36
juvederm xc filler,500,0%,900%,Low,7,1.53,5.03
juvederm for forehead wrinkles,500,0%,900%,Low,10,1.69,3.83
botox juvederm,500,0%,0%,Medium,54,2.49,8.05
juvederm jawline filler,500,0%,900%,Low,0,,
vertical lip lines filler,500,0%,0%,High,100,0.96,3.83
juvederm wrinkle filler,500,0%,900%,Low,2,1.51,6.99
men's jawline filler,500,0%,0%,Low,14,2.20,6.35
botox juvederm near me,500,-90%,-90%,Medium,53,3.65,15.00
juvederm laugh lines,500,0%,900%,Low,8,2.06,7.20
juvederm voluma filler,500,0%,900%,Low,7,1.81,5.82
juvederm jaw filler,500,0%,900%,Low,0,,
botox fillers cost,500,0%,-90%,Low,22,1.83,6.05
groupon juvederm ultra plus,500,0%,-99%,High,100,,
juvederm for eyes,500,0%,0%,Medium,43,1.61,5.29
juvederm hyaluronic acid fillers,500,0%,900%,Low,1,0.88,7.64
juvederm ultra plus lip filler,500,900%,900%,Low,24,2.85,5.75
lip fillers near,500,0%,0%,Medium,51,2.27,10.24
jawline juvederm,500,0%,0%,High,87,1.49,4.90
best face fillers for wrinkles,500,0%,0%,High,100,0.34,3.49
juvederm voluma cheeks,500,0%,900%,Low,5,1.74,4.68
rha 3 filler,500,0%,0%,High,96,1.62,7.26
botox and juvederm,500,0%,0%,Medium,54,2.49,8.05
juvederm ultra filler,500,0%,900%,Medium,39,1.05,3.23
juvederm jaw,500,0%,0%,High,87,1.49,4.90
soft tissue filler,500,0%,0%,Medium,52,1.72,6.81
filling lips,500,0%,0%,Medium,51,1.75,7.24
merz fillers,500,0%,-90%,High,73,2.83,15.14
sunken cheeks filler,500,0%,0%,Medium,52,1.74,5.23
filler for lower face,500,0%,0%,Medium,39,1.72,5.57
juvederm fillers for smile lines,500,0%,900%,Low,8,1.69,5.77
juvederm for forehead lines,500,0%,900%,Low,10,1.69,3.83
juvederm in jawline,500,0%,0%,High,87,1.49,4.90
teosyal fillers,500,0%,0%,High,96,2.37,14.25
juvederm voluma cheek filler,500,0%,900%,Low,5,1.74,4.68
filler merz,500,0%,-90%,High,73,2.83,15.14
lips dermal fillers,500,0%,0%,High,82,1.74,5.60
wrinkles filler,500,0%,-90%,High,85,1.22,5.88
permanent dermal filler,500,0%,0%,Low,14,1.76,5.34
lip filler age,500,0%,0%,Low,15,2.35,6.17
juvederm filler for jowls,500,0%,900%,Low,12,1.43,4.48
juvederm temple filler,500,900%,900%,Low,5,2.43,3.74
2 ml jawline filler,500,0%,0%,High,73,,
cheek filler reddit,500,0%,0%,Low,0,,
dissolving face fillers,500,0%,0%,Low,12,4.06,7.79
juvederm voluma chin filler,500,0%,9900%,Low,0,,
lip injections age,500,0%,0%,Low,15,2.35,6.17
treatment filler,500,0%,0%,Low,25,2.43,5.88
juvederm ultra 2,50,0%,-90%,High,100,1.61,5.42
volux juvederm,50,0%,0%,High,84,1.36,6.45
juvederm smile,50,0%,0%,High,100,1.36,5.98
juvederm $75 off,50,0%,-90%,Low,31,2.73,9.15
juvederm 3,50,-90%,0%,High,73,1.21,3.52
juvederm $100 off,50,∞,0%,Low,5,,
best juvederm near me,50,0%,0%,Medium,53,2.30,15.70
juvederm ultra plus xc cost,50,0%,0%,Low,29,,
rejuvaderm near me,50,0%,0%,Medium,52,3.48,10.16
juvederm lips near me,50,0%,0%,Medium,53,2.95,12.52
juvederm volux jawline,50,0%,0%,High,87,3.54,8.87
juvederm 4,50,-90%,0%,High,79,1.49,7.09
juvederm plus,50,900%,900%,Medium,58,1.13,3.92
juvederm 2,50,0%,0%,Medium,54,,
juvederm around mouth,50,0%,0%,Medium,65,1.68,7.20
juvederm ultra xc near me,50,0%,0%,Medium,35,4.05,14.10
juvederm ultra plus near me,50,0%,0%,Medium,46,2.49,10.97
juvederm face lift,50,900%,900%,High,83,1.35,4.54
new juvederm filler,50,0%,0%,Medium,36,0.35,6.13
juvederm jawline cost,50,0%,-90%,Low,13,,
juvederm $75 off 2022,50,0%,-100%,Unknown,,,
juvederm hyaluron,50,0%,0%,Low,0,,
juvederm hydrate,50,0%,0%,Medium,53,1.43,11.68
juvederm volite near me,50,0%,0%,High,100,,
juvederm lips cost,50,0%,0%,Medium,48,1.54,5.87
juvederm xl,50,0%,0%,High,100,1.46,3.51
juvederm company,50,0%,0%,Low,23,1.58,8.46
juvederm voluma xc near me,50,0%,0%,High,80,3.73,10.81
groupon juvederm near me,50,0%,0%,High,100,,
juvederm near me groupon,50,0%,0%,High,67,,
juvederm skin care,50,0%,0%,Low,29,,
juvederm ultra near me,50,0%,0%,High,79,3.16,16.83
dermatologist juvederm near me,50,0%,0%,Low,0,,
saypha,50,900%,900%,Medium,63,3.00,18.31
juvederm for seniors,50,0%,0%,Medium,50,,
75 juvederm,50,0%,-100%,Unknown,,,
juvederm under eyes near me,50,0%,0%,High,86,1.41,6.43
juvederm xc for lips,50,0%,-90%,High,67,1.28,5.00
juvederm 75,50,∞,0%,Low,0,,
laseraway juvederm,50,0%,0%,Medium,61,2.38,6.07
juvederm $75,50,0%,0%,Low,14,,
juvederm lip plumper,50,0%,0%,Low,31,,
juvederm for dark circles,50,0%,0%,Low,16,,
ultra plus filler,50,0%,0%,Medium,40,1.52,7.07
juvederm lip filler cost near me,50,0%,0%,Low,22,1.71,6.86
fillers cost near me,50,0%,0%,Medium,46,1.16,6.54
juvederm voluma with lidocaine,50,0%,0%,High,91,1.55,5.59
juvederm line,50,0%,0%,Low,33,0.95,12.70
juvederm ultra plus xc near me,50,0%,0%,Medium,46,1.55,14.88
juvederm injections cost,50,0%,0%,Medium,40,0.86,4.07
juvederm cheek filler cost,50,0%,900%,Low,2,0.93,6.32
75 dollars off juvederm,50,∞,0%,Low,0,,
cost of juvederm ultra plus,50,0%,0%,Medium,40,1.72,6.55
juvederm for double chin,50,-90%,0%,Low,9,,
juvederm plus xc,50,0%,0%,Medium,53,1.62,5.44
revofil filler,50,0%,0%,High,86,1.59,3.34
juvederm ultra xc cost,50,900%,900%,Low,2,0.76,4.30
juvederm lift,50,0%,0%,High,74,1.70,5.96
juvederm ultra for lips,50,0%,0%,Low,16,0.88,3.00
volux jawline,50,0%,0%,High,77,1.60,5.01
juvéderm cost 2022,50,0%,0%,Unknown,,,
under eye filler juvederm near me,50,-100%,-100%,Unknown,,,
juvederm injection sites,50,0%,0%,Low,16,,
juvederm volite usa,50,0%,-100%,Unknown,,,
different juvederm fillers,50,0%,0%,Low,31,0.39,2.94
juvederm xc near me,50,0%,0%,High,75,,
ultra xc filler,50,0%,0%,Medium,38,1.29,6.60
ultra xc juvederm,50,0%,0%,High,91,1.41,4.04
best juvederm for nasolabial folds,50,0%,0%,Medium,60,2.64,8.95
groupon juvederm voluma,50,0%,-90%,High,100,1.42,5.12
juvederm for glabellar lines,50,0%,0%,Low,1,,
ultra xc,50,0%,0%,High,83,1.24,5.43
juvederm for 11 lines,50,900%,900%,Low,10,2.17,5.39
cost of juvederm for marionette lines,50,0%,0%,Medium,35,2.50,6.50
$75 off filler juvederm,50,0%,-100%,Unknown,,,
juvederm for marionette lines cost,50,0%,0%,Medium,35,2.50,6.50
juvederm ultra plus filler,50,0%,0%,Low,6,1.90,5.29
juvederm for jawline jowls,50,0%,0%,High,88,,
juvederm amazon,50,0%,0%,High,92,0.25,2.40
juvederm for under eye wrinkles,50,0%,0%,Low,11,1.45,4.07
juvederm for neck,50,0%,0%,High,94,1.25,4.55
juvederm pen,50,0%,0%,Low,22,,
face putty for wrinkles,50,0%,0%,High,100,0.27,1.45
marionette lines filler near me,50,0%,0%,High,84,1.90,7.87
juvederm groupon near me,50,0%,-90%,Medium,63,,
juvederm laugh lines cost,50,0%,0%,Low,0,,
juvederm for face,50,900%,0%,Medium,43,1.29,3.91
juvederm between eyebrows,50,0%,0%,High,88,,
volux near me,50,0%,-90%,Medium,56,,
juvederm volite cost,50,0%,0%,Medium,60,,
lip filler juvederm ultra plus,50,0%,0%,Low,11,,
filler for cellulite,50,0%,-90%,High,84,1.23,4.02
voluma allergan,50,0%,0%,Medium,56,0.80,13.31
juvederm voluma jawline,50,0%,0%,Medium,38,,
juvederm laseraway,50,0%,0%,Low,30,1.19,3.20
cost of juvederm for cheeks,50,0%,0%,Low,21,,
best juvederm for under eyes,50,0%,0%,Medium,50,,
juvederm 1ml,50,0%,0%,High,76,1.61,7.31
different juvederm lip fillers,50,0%,0%,Medium,39,0.67,3.30
juvederm tear trough,50,0%,0%,Medium,42,2.54,10.39
juvederm with lidocaine,50,0%,0%,Low,10,,
juvederm for lines around mouth,50,0%,0%,Low,28,0.70,5.59
juvederm for nasolabial folds cost,50,0%,0%,Low,9,2.10,5.70
juvederm for crows feet,50,0%,900%,Low,5,2.49,6.34
juvederm for neck lines,50,0%,0%,Medium,34,2.20,5.32
juvederm nasolabial folds cost,50,0%,0%,Low,9,2.10,5.70
best juvederm for cheeks,50,0%,0%,High,100,1.95,6.51
juvederm nose filler cost,50,0%,0%,Low,8,,
juvederm chin filler cost,50,0%,900%,Low,3,1.61,3.82
replengen filler,50,0%,0%,High,99,1.96,17.73
juvederm filler for hyaluron pen,50,∞,0%,High,100,,
laseraway juvéderm cost,50,0%,0%,High,84,2.39,12.68
filler juvederm ultra 3,50,0%,0%,Low,0,,
juvederm abbvie,50,0%,0%,Low,3,,
juvederm neck lift,50,0%,0%,High,100,,
best line fillers,50,0%,0%,High,95,0.22,2.23
juvederm ultra plus xc lips,50,0%,0%,High,82,1.32,6.07
ultra plus xc,50,0%,0%,High,98,1.64,5.40
$100 off juvederm,50,0%,0%,Low,0,,
juvederm forehead cost,50,0%,0%,Low,11,,
juvederm injectables,50,-90%,0%,Medium,41,1.20,4.61
juvederm voluma under eye,50,0%,0%,Medium,45,2.21,6.69
volite treatment,50,0%,0%,Medium,48,1.73,7.10
groupon juvederm filler,50,0%,0%,High,100,,
best juvederm filler for lips,50,0%,0%,High,97,1.35,5.17
juvederm ultra 5,50,0%,0%,Low,12,,
juvederm voluma xc lips,50,0%,0%,Medium,49,,
juvederm volite under eyes,50,0%,0%,Medium,54,,
juvederm for turkey neck,50,0%,0%,Medium,54,,
juvederm for lip filler,50,0%,0%,Medium,57,2.48,5.17
juvederm 4 filler,50,0%,∞,High,100,1.45,4.72
cost of juvederm ultra xc,50,∞,0%,Medium,52,,
juvederm for sagging jowls,50,0%,0%,Low,30,1.48,5.90
best juvederm lip filler,50,0%,0%,High,86,1.48,5.58
juvederm for wrinkles around the mouth,50,0%,0%,Low,28,0.70,5.59
ultra 2 juvederm,50,0%,-90%,High,100,1.61,5.42
volux allergan,50,0%,0%,Low,10,,
juvederm for under eye circles,50,0%,0%,Medium,37,,
filler juvederm ultra 4,50,0%,0%,Unknown,,,
juvederm mesotherapy,50,0%,0%,High,100,3.00,14.24
deneb filler,50,0%,0%,Medium,56,,
volux cost,50,0%,0%,Medium,39,,
juvederm for upper lip wrinkles,50,0%,0%,Medium,41,,
lip contouring filler,50,0%,0%,High,91,2.28,6.60
juvederm nose,50,0%,0%,Low,16,,
1ml juvederm cost,50,0%,0%,Low,27,1.88,4.87
juvederm 3 and 4,50,-100%,-100%,Unknown,,,
allergan $75 off juvéderm,50,-100%,-100%,Unknown,,,
volux xc,50,0%,0%,High,80,1.68,7.56
juvederm 3 filler,50,∞,0%,High,100,,
juvederm mouth lines,50,0%,0%,Low,28,1.25,2.61
filler voluma juvederm,50,0%,0%,High,100,,
radiesse behandling,50,0%,0%,Low,0,,
rha1 filler,50,0%,0%,High,94,2.05,5.60
juvederm 5,50,0%,0%,Low,29,,
juvederm plus cost,50,0%,0%,Low,20,,
juvederm smile lines cost,50,0%,0%,Low,17,,
abbvie juvederm,50,0%,0%,Medium,48,2.10,11.82
best juvederm for marionette lines,50,0%,0%,High,98,2.11,4.61
juvederm filler for hands,50,0%,0%,Low,0,,
juvederm voluma for jawline,50,-90%,0%,Medium,35,1.71,6.54
juvederm eye filler cost,50,0%,0%,Medium,33,1.48,4.15
acid juvederm,50,∞,0%,Low,0,,
1ml of juvederm cost,50,0%,0%,Medium,43,,
tear trough filler juvederm,50,0%,0%,Medium,42,2.54,10.39
juvederm voluma chin cost,50,0%,∞,High,100,,
juvederm smile 0.55 ml,50,∞,0%,High,86,,
juvederm smile filler,50,0%,0%,Low,29,,
volite allergan,50,0%,0%,Medium,50,,
juvederm for frown lines around mouth,50,0%,0%,Low,1,,
juvederm filler for laugh lines,50,0%,0%,Low,0,,
juvederm galderma,50,0%,0%,Medium,57,,
chin filler juvederm,50,0%,0%,High,90,,
allergan juvederm voluma,50,0%,0%,Low,0,,
juvederm 0.5 ml,50,0%,0%,Low,11,,
juvederm for buttocks,50,0%,0%,High,75,,
juvederm voluma for nasolabial folds,50,0%,0%,Low,19,,
juvederm ultra cost,50,0%,0%,Low,10,1.56,5.46
juvederm voluma lip filler,50,0%,900%,Low,6,,
juvederm for hands,50,0%,0%,Low,6,,
ld fillers,50,∞,∞,High,100,,
juvederm eyebrow lift,50,0%,0%,Low,24,,
jawline filler juvederm,50,0%,0%,Low,14,,
juvederm for chin filler,50,0%,0%,Low,21,,
juvederm voluma chin,50,0%,0%,High,77,1.20,7.32
juvederm volux filler,50,0%,0%,Low,17,1.71,5.31
ultra plus lip filler,50,0%,0%,High,100,1.64,3.92
juvederm acid hyaluronic,50,0%,0%,Unknown,,,
1cc juvederm,50,0%,0%,High,88,,
juvederm ultra nasolabial folds,50,0%,0%,Low,26,,
juvederm hyaluron pen,50,0%,∞,High,100,,
filorga universal filler,50,0%,∞,Low,0,,
allergan volux,50,0%,0%,Medium,43,,
juvederm brilliant distinctions,50,0%,-100%,Unknown,,,
juvederm volite lips,50,0%,0%,Low,25,,
juvederm scar filler,50,-90%,0%,Low,11,0.92,7.77
volux for jawline,50,0%,0%,High,74,2.00,5.00
teoxane teosyal redensity 2,50,0%,0%,Medium,50,,
dermal lip filler cost,50,0%,0%,Low,31,,
filler juvederm ultra plus xc,50,0%,-100%,Unknown,,,
juvederm ultra 3 for lips,50,-90%,0%,Medium,48,2.16,3.23
juvederm ultra plus lips cost,50,0%,0%,High,100,,
juvederm ultra plus marionette lines,50,0%,0%,Low,29,,
juvederm cost marionette lines,50,0%,0%,Medium,35,2.50,6.50
juvederm voluma lips cost,50,0%,0%,Low,0,,
hyaluron filler juvederm,50,0%,0%,Unknown,,,
juvederm voluma xc cheeks,50,0%,0%,Medium,37,,
juvederm frown lines between eyes,50,0%,0%,Medium,57,,
volite injections,50,0%,0%,Medium,43,,
juvederm voluma under eyes cost,50,0%,0%,High,86,,
juvederm filler ultra 4,50,-100%,0%,Unknown,,,
allergan juvederm ultra 3,50,0%,-100%,Unknown,,,
juvederm ultra under eyes,50,0%,0%,Low,30,,
juvederm collagen,50,0%,0%,Low,30,,
longest lasting juvederm,50,0%,0%,High,100,,
juvederm for vertical lip lines,50,0%,0%,Low,19,1.63,3.75
juvederm brow lift,50,0%,0%,Low,24,,
soft lip filler,50,0%,0%,High,79,2.38,7.22
juves filler,50,0%,0%,Unknown,,,
juvederm double chin,50,0%,0%,Low,24,,
juvederm treatment cost,50,0%,0%,Medium,56,1.62,4.58
saypha croma filler,50,0%,-100%,Unknown,,,
juvederm ultra 4 for lips,50,0%,0%,Low,14,,
juvederm for smile lines cost,50,0%,0%,Low,17,,
juvederm ultra 4 amazon,50,-100%,0%,Unknown,,,
harmonyca juvederm,50,0%,0%,Medium,46,,
juvéderm $75 off 2022,50,0%,-100%,Unknown,,,
tear trough eye filler,50,0%,0%,Low,14,,
juvederm voluma for marionette lines,50,0%,0%,Low,10,1.03,2.73
regenyal filler,50,0%,∞,High,100,,
cost of fillers for laugh lines,50,0%,0%,High,79,1.36,6.75
juvederm to lift jowls,50,0%,∞,Low,24,,
juvederm safe,50,0%,0%,Low,17,,
revofil o juvederm,50,-100%,0%,Unknown,,,
juvederm 2 for lips,50,0%,∞,High,100,,
filling face,50,0%,0%,Low,18,1.41,6.19
juvederm ultra smile 3,50,0%,0%,Unknown,,,
juvederm ultra xc under eyes,50,0%,0%,High,69,1.22,3.16
juvederm for scars,50,-90%,0%,Low,11,0.92,7.77
best filler for between eyebrows,50,0%,0%,High,100,,
nose filler juvederm,50,0%,0%,Medium,51,1.92,6.06
juvederm and restylane fillers,50,0%,0%,Low,24,,
acid hialuronic juvederm ultra 3,50,∞,∞,Low,29,,
filler ibsa,50,-100%,-100%,Unknown,,,
juvederm ultra xc nasolabial folds,50,0%,0%,Low,21,,
dermal jaw fillers,50,0%,0%,Medium,41,3.76,6.37
juvederm ultra 3 amazon,50,-100%,0%,Unknown,,,
juvederm ultra for nasolabial folds,50,0%,0%,Low,26,,
1cc juvederm cost,50,0%,0%,Low,20,,
juvederm frown lines mouth,50,0%,0%,High,100,,
juvederm 1ml cost,50,0%,0%,Medium,65,2.21,5.38
juvederm plus lips,50,0%,0%,High,100,,
juvederm 0.5,50,-100%,-100%,Unknown,,,
juvederm ultra smile 1ml,50,-100%,0%,Unknown,,,
juvederm4,50,∞,∞,High,100,,
acido juvederm,50,0%,0%,Low,7,,
juvederm hyaluronic acid dermal filler,50,0%,0%,Medium,56,,
filler juvederm 3,50,0%,0%,Unknown,,,
juvederm ultra 3 allergan,50,0%,-100%,Unknown,,,
juvederm filler voluma,50,0%,0%,Medium,57,,
juvederm harmonyca,50,0%,0%,High,87,,
korean hyaluronic acid filler,50,0%,0%,High,76,,
juvederm 3 for lips,50,0%,0%,High,81,1.87,5.40
teoxane o juvederm,50,-100%,0%,Unknown,,,
juvederm fda approved,50,0%,0%,Low,8,,
juvederm voluma for chin,50,0%,0%,High,77,1.20,7.32
belotero of juvederm,50,∞,0%,Low,0,,
cleviel filler,50,0%,0%,Low,5,,
ultra plus xc juvederm,50,0%,0%,High,68,,
nasolabial line filler,50,0%,0%,Low,30,0.97,4.63
juvederm lift cheeks,50,0%,0%,High,72,,
juvederm ultra smile 0.55 ml,50,0%,0%,High,71,,
juvederm ultra in lips,50,0%,0%,Low,16,0.88,3.00
juvederm for hyaluron pen,50,0%,-100%,Unknown,,,
juvederm best for lips,50,0%,0%,High,67,,
juvederm voluma 3,50,0%,-100%,Unknown,,,
best juvederm,50,0%,0%,Low,29,,
juvederm ultra xc cheeks,50,0%,0%,Medium,37,,
longest lasting juvederm for lips,50,0%,0%,Low,11,,
juvederm voluma 1ml,50,0%,0%,Low,0,,
juvederm ultra xc for cheeks,50,0%,0%,Medium,37,,
princess rich filler,50,0%,∞,Low,0,,
juvederm tear trough filler,50,0%,0%,Low,0,,
5 ml juvederm lips,50,0%,0%,High,91,,
harmonica juvederm,50,∞,0%,Low,0,,
juvederm 2 ml,50,0%,0%,High,100,,
juvederm harmonica,50,-100%,0%,Unknown,,,
juvederm top lip only,50,0%,∞,Low,19,,
juvederm lip filler 1ml,50,0%,0%,High,100,,
juvederm volux allergan,50,0%,0%,Unknown,,,
juvederm ultra for under eyes,50,0%,0%,Low,30,,
juvederm belotero,50,0%,0%,Low,14,,
juvederm ultra 4 allergan,50,0%,0%,Unknown,,,
new filler,50,0%,0%,Medium,49,1.48,5.51
ultra juvederm lips,50,-100%,-100%,Unknown,,,
voluma filler juvederm,50,0%,0%,High,100,1.23,7.19
0.5 ml lip filler juvederm,50,∞,0%,High,100,,
1.5 ml juvederm lips,50,0%,0%,Medium,56,,
10 ml filler,50,0%,0%,High,100,,
1ml juvederm lips,50,0%,0%,High,73,,
2 ml juvederm lips,50,900%,900%,Low,3,,
3 ml juvederm lips,50,0%,0%,Medium,37,,
5 juvederm,50,0%,0%,Low,18,,
7 point shape filler,50,0%,0%,Unknown,,,
allergan juvederm ultra 4,50,0%,0%,Unknown,,,
allergan juvederm volite,50,0%,∞,Low,19,,
allergan volite,50,0%,0%,Medium,50,,
ammi b filler,50,∞,0%,High,100,,
ampolla juvederm,50,0%,0%,Unknown,,,
belotero juvederm,50,-100%,-100%,Unknown,,,
belotero o juvederm,50,0%,-100%,Unknown,,,
best filler for nose to mouth lines,50,0%,0%,Medium,51,,
cheek filler realself,50,0%,0%,Low,2,,
cross linked ha filler,50,0%,0%,High,75,,
dermavita juvederm,50,0%,-100%,Unknown,,,
dissolving juvederm,50,0%,0%,Low,4,,
expired juvederm,50,0%,0%,Low,0,,
fda juvederm,50,0%,0%,Low,0,,
filler aquamid,50,-100%,0%,Unknown,,,
filler for labial folds,50,0%,0%,Medium,49,0.96,3.49
filler for outer corner of eyes,50,0%,0%,Medium,46,,
filler juvederm ultra plus,50,0%,0%,Low,6,1.90,5.29
filler juvederm ultra smile,50,0%,0%,Unknown,,,
filler use,50,0%,0%,Low,0,,
fillers neck,50,0%,0%,High,93,0.54,5.30
fillers on marionette lines,50,0%,0%,Low,19,0.98,5.47
fillmed fillers,50,0%,0%,High,100,,
forehead filler for dent,50,0%,0%,Low,15,3.21,7.76
galderma juvederm,50,0%,0%,High,95,,
ha juvederm,50,0%,0%,Low,0,,
hyalual filler,50,-100%,-100%,Unknown,,,
hyaluron pen juvederm,50,∞,∞,High,100,,
hyamira hyaluronic acid,50,0%,-100%,Unknown,,,
hydro fillers,50,0%,0%,Medium,51,,
juvederm 0.55,50,∞,∞,Low,0,,
juvederm 0.55 ml,50,0%,0%,High,100,,
juvederm 2 3 4,50,-100%,0%,Unknown,,,
juvederm 2 ultra,50,0%,-100%,Unknown,,,
juvederm 3 lip filler,50,0%,∞,High,100,,
juvederm 3 lips,50,∞,∞,High,100,,
juvederm 4 for lips,50,0%,0%,Medium,60,,
juvederm 8 point face lift,50,0%,0%,High,96,,
juvederm above upper lip,50,0%,∞,Low,29,,
juvederm acid,50,-100%,-100%,Unknown,,,
juvederm acido,50,0%,0%,Medium,57,,
juvederm allergan precio,50,0%,0%,Unknown,,,
juvederm behandling,50,0%,0%,Unknown,,,
juvederm dermal filler near me,50,0%,∞,Low,23,,
juvederm eller restylane,50,∞,0%,Low,0,,
juvederm eye lift,50,-100%,-100%,Unknown,,,
juvederm fillers prijzen,50,0%,∞,Low,14,,
juvederm fiyatları,50,∞,∞,Low,0,,
juvederm for chin area,50,0%,0%,Medium,50,,
juvederm for hooded eyes,50,0%,∞,Low,13,,
juvederm for nose filler,50,0%,∞,Low,0,,
juvederm hydrate allergan,50,-100%,0%,Unknown,,,
juvederm in chin area,50,0%,0%,Unknown,,,
juvederm laboratorio,50,0%,0%,Unknown,,,
juvederm laboratorio allergan,50,0%,∞,Low,0,,
juvederm lombard,50,-100%,0%,Unknown,,,
juvederm lower face,50,0%,0%,Medium,58,1.73,3.55
juvederm ml,50,0%,-100%,Unknown,,,
juvederm o belotero,50,0%,0%,Unknown,,,
juvederm o restylane,50,0%,∞,High,100,,
juvederm o teoxane,50,0%,0%,Unknown,,,
juvederm of belotero,50,-100%,0%,Unknown,,,
juvederm of belotero for lips,50,-100%,0%,Unknown,,,
juvederm permanent,50,0%,0%,Low,0,,
juvederm princeton,50,-100%,-100%,Unknown,,,
juvederm radiesse,50,0%,0%,Low,23,,
juvederm realself,50,0%,0%,Low,0,,
juvederm removal,50,0%,0%,Low,0,,
juvederm smile lip filler,50,0%,0%,High,100,,
juvederm sugarland,50,0%,0%,Unknown,,,
juvederm teosyal,50,0%,0%,Unknown,,,
juvederm teoxane,50,∞,∞,Medium,43,,
juvederm ultra 1ml,50,0%,0%,High,100,,
juvederm ultra 2 3 4,50,0%,0%,Medium,39,,
juvederm ultra 2 for lips,50,0%,0%,Medium,43,,
juvederm ultra 3 1ml,50,-100%,0%,Unknown,,,
juvederm ultra 3 2x1ml,50,-100%,0%,Unknown,,,
juvederm ultra 3 lip filler,50,0%,0%,Low,16,,
juvederm ultra 3 nasolabial,50,-100%,0%,Unknown,,,
juvederm ultra 4 2x1ml,50,-100%,-100%,Unknown,,,
juvederm ultra allergan,50,0%,∞,Low,14,,
juvederm ultra cheeks,50,0%,0%,Low,4,,
juvederm ultra plus cheeks,50,0%,0%,Low,33,,
juvederm ultra plus nasolabial folds,50,0%,0%,Low,11,,
juvederm ultra plus under eyes,50,0%,0%,Low,0,,
juvederm ultra plus xc under eyes,50,0%,-100%,Unknown,,,
juvederm ultra voluma,50,∞,0%,Medium,62,,
juvederm ultra xc for nasolabial folds,50,0%,0%,Low,14,,
juvederm upper lip,50,0%,0%,Medium,64,,
juvederm upper lip lines,50,0%,0%,Low,15,,
juvederm v,50,0%,0%,Low,5,,
juvederm v botox,50,0%,0%,Low,3,,
juvederm vital,50,0%,0%,Unknown,,,
juvederm volite 1ml,50,0%,0%,Unknown,,,
juvederm volite allergan,50,0%,∞,Low,19,,
juvederm volite fda approval,50,0%,∞,Low,0,,
juvederm volite for lips,50,0%,∞,Low,7,,
juvederm volite realself,50,-100%,0%,Unknown,,,
juvederm voluma 2 ml,50,-100%,0%,Unknown,,,
juvederm voluma 4,50,∞,0%,Low,0,,
juvederm voluma fda approval,50,-100%,-100%,Unknown,,,
juvederm voluma for nose,50,0%,0%,Low,1,,
juvederm voluma injections,50,0%,0%,Medium,54,,
juvederm voluma nose,50,0%,0%,Low,1,,
juvederm voluma tear trough,50,0%,0%,Low,0,,
juvederm voluma treatment,50,0%,0%,Low,2,,
juvederm voluma with lidocaine 2x1ml,50,∞,∞,Medium,55,,
juvederm voluma xc chin,50,0%,0%,High,85,,
juvederm voluma xc treatment,50,0%,0%,Low,0,,
juvederm voluma xc under eyes,50,0%,0%,Low,19,,
juvederm xc for cheeks,50,0%,∞,Medium,53,,
juvederm xc for nasolabial folds,50,0%,0%,Low,6,,
juvederm2,50,0%,0%,Unknown,,,
juvéderm voluma ™ xc,50,0%,0%,High,100,,
juvéderm volux ™ xc,50,0%,0%,High,84,1.63,4.77
lip filler crease,50,0%,0%,Low,0,,
longest lasting filler 2020,50,-100%,0%,Unknown,,,
luminera allergan,50,0%,0%,Low,0,,
luxfill dermal filler,50,∞,0%,Low,0,,
medifeel filler,50,0%,0%,Unknown,,,
neck wrinkles filler,50,0%,0%,High,100,,
promoitalia filler,50,0%,0%,High,90,1.69,20.50
puffy filler,50,0%,0%,Low,0,,
radiesse o juvederm,50,-100%,0%,Unknown,,,
realself tear trough filler,50,0%,0%,Low,11,,
redexis filler,50,0%,0%,Low,0,,
relife menarini filler,50,0%,0%,Unknown,,,
rellenos juvederm,50,0%,0%,Medium,50,,
restylane czy juvederm,50,-100%,0%,Unknown,,,
restylane juvederm belotero,50,∞,∞,Medium,57,,
restylane of juvederm,50,∞,∞,Low,0,,
shape filler,50,-90%,0%,Low,2,,
smile juvederm,50,0%,0%,High,100,1.36,5.98
soft fillers,50,0%,0%,Low,8,,
style age filler,50,0%,0%,Medium,51,,
surgiderm allergan,50,0%,∞,Low,0,,
synthetic fillers,50,0%,0%,Low,9,,
temple filler realself,50,0%,0%,Low,0,,
teosyal o juvederm,50,∞,∞,Low,0,,
ultra plus laser,50,0%,0%,Medium,64,1.32,4.44
ultra xc plus,50,0%,0%,Low,0,,
volite cost,50,0%,∞,Medium,57,,
volite facial,50,-100%,-100%,Unknown,,,
volite for lips,50,0%,0%,Low,0,,
volite hyaluronic acid,50,0%,-100%,Unknown,,,
volite lips,50,-100%,-100%,Unknown,,,
volite neck,50,∞,0%,Low,0,,
volite realself,50,0%,-100%,Unknown,,,
volite skin treatment,50,-100%,0%,Unknown,,,
volite treatment cost,50,-100%,-100%,Unknown,,,
volite under eyes,50,0%,0%,Low,19,,
volomis filler,50,-100%,-100%,Unknown,,,
voluma for nasolabial folds,50,0%,0%,Medium,59,,
voluma in nasolabial folds,50,0%,0%,Medium,59,,
voluma juvederm allergan,50,0%,0%,Low,0,,
voluma lidocaine,50,0%,0%,Medium,49,,
voluminous filler,50,0%,0%,Medium,52,1.54,4.55
volux chin,50,0%,0%,Medium,57,,
xc plus,50,0%,0%,Low,8,,